id;mensaje;fecha;tags
1;forenenst beloved ew;2023-12-03T09:19:44;yahoo squeaky
2;caper phew;2023-12-03T14:19:08;imagine
3;trifling ha airdrop;2023-12-02T22:32:54;digestive yippee nice
4;blindly;2023-12-02T23:26:17;lard particularise absent
5;for sad wedding;2023-12-03T11:45:28;reformulate
6;whoever impress;2023-12-03T10:00:32;fervently pike nor
7;knavishly weird;2023-12-03T11:12:12;soon hmph
8;and yowza belief;2023-12-03T00:29:48;inflame
9;for;2023-12-03T01:11:40;as sherbet
10;beyond furiously likewise;2023-12-02T19:36:06;positively
